{"_runtime":362.344213904,"_step":300,"train_loss_100":0.19225428469479083,"iter":300,"_wandb":{"runtime":362},"epoch":1,"_timestamp":1.748586312244551e+09}