{"_runtime":405.872157392,"_step":300,"train_loss_100":0.6490151257812977,"iter":300,"_wandb":{"runtime":405},"epoch":1,"_timestamp":1.748508058367893e+09}