{"_step":500,"train_loss_100":0.20958577528595923,"_wandb":{"runtime":302},"iter":500,"epoch":1,"_timestamp":1.7485869638068542e+09,"_runtime":302.35559533}