{"iter":2000,"_wandb":{"runtime":1144},"epoch":1,"_timestamp":1.7491831549679804e+09,"_runtime":1144.271057268,"_step":2000,"train_loss_100":0.1225412884913385}