{"iter":100,"epoch":1,"_timestamp":1.7485865778475993e+09,"_runtime":199.409712493,"_wandb":{"runtime":199},"_step":100,"train_loss_100":0.5568109568208456}